,name,FK/Fpi,delta_su2,logGBF,chi2/df,Q,vol,L_4,L_5,L_1,L_2,L_3,L_6,L_7,L_8,L_9,A_a,A_k,A_p,A_loga,A_aa
0,ma_FKFK_nnlo_log_logSq_sunset_bijnens,1.1771(24),-0.00372(68),29.69245836354736,2.5482384771956905,0.004502401537373742,0,-0.0014(13),-0.00059(79),0.00030(14),0.00035(16),-0.0025(14),-0.00006(10),-0.00029(17),0.00021(10),,0.0003(598),1.2(2.5),-2.0(2.0),,
1,ma_FKFK_nnlo_log_logSq_sunset,1.1804(18),-0.00381(68),31.453272635598445,2.374173927040056,0.008316206900673133,0,0.0007(49),0.00148(65),0.00002(29),0.00006(33),0.0024(23),-3(100)e-06,0.00020(32),0.00004(20),,3(2900)e-06,0.8(1.9),-1.0(1.6),,
2,ma_FKFK_nnlo_logSq_sunset,1.1864(32),-0.00398(69),34.20941158831704,1.8544149963759151,0.046449572286809335,0,0.0022(18),0.00273(88),,,,,,,,9(8400)e-06,-3.0(2.6),5.2(2.1),,
3,ma_FKFK_nnlo,1.1806(28),-0.00382(68),33.33047179693989,1.9796605044497413,0.031236227938482988,0,-0.00180(21),0.00043(14),,,,,,,,-0.05(44),-7e-09 +- 0.00017,2e-08 +- 0.00017,,
4,ma_FKFK_nnlo_log_logSq_sunset_alphaS_bijnens,1.1770(24),-0.00372(68),29.61463056084777,2.5326409660569054,0.00475996474536866,0,-0.0014(13),-0.00068(80),0.00029(14),0.00034(16),-0.0026(15),-0.00006(10),-0.00029(17),0.00021(10),,2e-07 +- 0.0023,1.3(2.8),-2.2(2.2),8e-09 +- 0.0023,
5,ma_FKFK_nnlo_log_logSq_sunset_alphaS,1.1804(18),-0.00381(68),31.45317942861755,2.3741722340483262,0.00831625586635228,0,0.0007(49),0.00148(65),0.00002(29),0.00006(33),0.0024(23),-3(100)e-06,0.00020(32),0.00004(20),,0.00004(1000),0.8(1.9),-1.0(1.6),0.00002(1000),
6,ma_FKFK_nnlo_logSq_sunset_alphaS,1.1859(31),-0.00397(69),34.06523315366855,1.8870061783243883,0.041944473648312317,0,0.0020(17),0.00257(87),,,,,,,,0.00003(1800),-2.8(2.6),4.9(2.1),0.00002(1800),
7,ma_FKFK_nnlo_alphaS,1.1806(27),-0.00382(68),33.33288122000452,1.9796623913032687,0.031236038285160063,0,-0.00180(21),0.00043(14),,,,,,,,-0.04(39),-0.00009(2000),0.0002(200),-0.02(42),
8,ma_FKFK_nnlo_log_logSq_sunset_FV_bijnens,1.1757(25),-0.00368(68),31.25077649496263,2.189196134038336,0.015664549497383776,10,-0.0015(12),-0.00079(75),0.00030(14),0.00035(16),-0.0025(14),-0.00006(10),-0.00029(17),0.00021(10),,-5(14000)e-07,1.4(2.5),-2.4(2.1),,
9,ma_FKFK_nnlo_log_logSq_sunset_FV,1.1793(17),-0.00378(68),32.873919057114236,2.0860020699551143,0.022091074907154784,10,0.0011(49),0.00149(58),0.00002(29),0.00007(33),0.0025(22),-4(100)e-06,0.00023(32),0.00004(20),,0.00004(1800),0.8(1.7),-0.9(1.4),,
10,ma_FKFK_nnlo_logSq_sunset_FV,1.1820(27),-0.00386(68),34.699397912732216,1.7616611049990405,0.06178565349636012,10,0.0007(15),0.00161(77),,,,,,,,-0.00009(1899),-1.6(2.1),3.1(1.9),,
11,ma_FKFK_nnlo_FV,1.1800(22),-0.00380(68),35.47859318080192,1.5884078255990313,0.10299922606249427,10,-0.00138(86),0.00070(45),,,,,,,,-5(3100)e-06,-0.3(1.2),0.8(1.2),,
12,ma_FKFK_nnlo_log_logSq_sunset_alphaS_FV_bijnens,1.1757(25),-0.00368(68),31.250766489057497,2.1891960400635297,0.015664554451999442,10,-0.0015(12),-0.00079(75),0.00030(14),0.00035(16),-0.0025(14),-0.00006(10),-0.00029(17),0.00021(10),,-3(3400)e-06,1.4(2.5),-2.4(2.1),-2(3400)e-06,
13,ma_FKFK_nnlo_log_logSq_sunset_alphaS_FV,1.1793(17),-0.00378(68),32.87416098024677,2.0860024410220883,0.0220910478891152,10,0.0011(49),0.00149(58),0.00002(29),0.00007(33),0.0025(22),-4(100)e-06,0.00023(32),0.00004(20),,7(25000)e-07,0.8(1.7),-0.9(1.4),3(25000)e-07,
14,ma_FKFK_nnlo_logSq_sunset_alphaS_FV,1.1820(27),-0.00386(68),34.69957998225261,1.7616625930200065,0.061785374538933936,10,0.0007(15),0.00161(77),,,,,,,,-0.00002(930),-1.6(2.1),3.1(1.9),-0.00001(930),
15,ma_FKFK_nnlo_alphaS_FV,1.1800(22),-0.00380(68),35.47859664636032,1.5884079633522328,0.10299918547383456,10,-0.00138(86),0.00070(45),,,,,,,,-1(1700)e-06,-0.3(1.2),0.8(1.2),-9(17000)e-07,
16,ma_FKFpi_nnlo_log_logSq_sunset_bijnens,1.1860(30),-0.00397(69),31.581346385415397,2.1207752691041826,0.01969057708503675,0,-0.00085(55),-0.00079(37),0.00024(12),0.00022(11),-0.0035(14),-0.00010(10),-0.00034(17),0.00014(10),,0.29(45),-0.14(77),0.30(74),,
17,ma_FKFpi_nnlo_log_logSq_sunset,1.1858(31),-0.00396(69),33.69016299906038,1.7505456844619882,0.0639013268003555,0,0.0010(48),0.00212(54),0.00001(24),0.00002(22),0.0027(22),6(100)e-06,0.00004(33),4(139)e-06,,0.20(52),-0.7(1.7),0.7(1.6),,
18,ma_FKFpi_nnlo_logSq_sunset,1.1875(23),-0.00401(69),31.59655303702669,2.2566242651426327,0.012465985086397523,0,-0.001849(57),-0.000749(89),,,,,,,,0.03(15),-0.001(62),0.003(62),,
19,ma_FKFpi_nnlo,1.1886(22),-0.00404(69),31.808503974433627,2.226415501798925,0.013814019878052194,0,-0.002183(53),-0.000683(84),,,,,,,,5(5700)e-07,-0.00002(760),0.00004(760),,
20,ma_FKFpi_nnlo_log_logSq_sunset_alphaS_bijnens,1.1860(30),-0.00397(69),31.59166681321529,2.117774986787212,0.01988763969560181,0,-0.00085(56),-0.00077(38),0.00024(12),0.00022(11),-0.0035(14),-0.00010(10),-0.00034(17),0.00014(10),,0.21(43),-0.16(82),0.33(78),0.14(48),
21,ma_FKFpi_nnlo_log_logSq_sunset_alphaS,1.1859(29),-0.00397(69),33.71903641360826,1.7535278973739925,0.06332740629843536,0,0.0010(49),0.00213(53),0.00001(24),0.00003(22),0.0028(22),7(100)e-06,0.00004(33),3(139)e-06,,0.14(50),-0.7(1.7),0.7(1.5),0.09(59),
22,ma_FKFpi_nnlo_logSq_sunset_alphaS,1.1874(23),-0.00401(69),31.594730849046954,2.2550838510391147,0.01253159898317955,0,-0.001850(54),-0.000751(87),,,,,,,,0.03(15),-0.0001(180),0.0002(180),0.02(15),
23,ma_FKFpi_nnlo_alphaS,1.1886(22),-0.00404(69),31.80854305866693,2.226406180729154,0.013814456329619144,0,-0.002183(53),-0.000683(84),,,,,,,,10(8400)e-07,-0.00007(1400),0.0001(140),6(8400)e-07,
24,ma_FKFpi_nnlo_log_logSq_sunset_FV_bijnens,1.1864(21),-0.00398(69),34.83992180921655,1.5286954430530215,0.12194497292721446,10,-0.00103(53),-0.00089(19),0.00024(12),0.00022(11),-0.0032(13),-0.00010(10),-0.00033(17),0.00014(10),,0.0002(140),-0.0002(440),0.0004(440),,
25,ma_FKFpi_nnlo_log_logSq_sunset_FV,1.1870(24),-0.00400(69),34.31768180701431,1.5782097682432383,0.10604232360466294,10,-0.00135(86),-0.00099(36),-9(240)e-06,-0.00001(22),-0.0018(22),3(1000)e-07,6(332)e-06,7(140)e-06,,0.00006(720),-0.03(38),0.06(38),,
26,ma_FKFpi_nnlo_logSq_sunset_FV,1.1862(22),-0.00398(69),34.84787505564131,1.6066868971288502,0.09773413292758257,10,-0.001855(54),-0.000775(84),,,,,,,,0.00004(630),-0.00006(1500),0.0001(150),,
27,ma_FKFpi_nnlo_FV,1.1872(22),-0.00401(69),35.505829334760406,1.4772088466477966,0.14059466839100065,10,-0.00212(24),-0.00058(29),,,,,,,,4(7000)e-07,-0.16(77),0.34(76),,
28,ma_FKFpi_nnlo_log_logSq_sunset_alphaS_FV_bijnens,1.1864(21),-0.00398(69),34.83999014525457,1.5287158256096982,0.1219380282702812,10,-0.00103(53),-0.00089(19),0.00024(12),0.00022(11),-0.0032(13),-0.00010(10),-0.00033(17),0.00014(10),,0.00009(910),-6(7800)e-06,0.00001(780),0.00006(910),
29,ma_FKFpi_nnlo_log_logSq_sunset_alphaS_FV,1.1870(24),-0.00400(69),34.294300520187385,1.5807654810878111,0.10527248005049708,10,-0.00134(85),-0.00101(33),-9(240)e-06,-0.00001(22),-0.0019(22),3(1000)e-07,6(332)e-06,7(140)e-06,,0.00003(490),-0.001(78),0.002(78),0.00002(490),
30,ma_FKFpi_nnlo_logSq_sunset_alphaS_FV,1.1863(20),-0.00398(69),35.10891579447621,1.5352967241462647,0.11971338729817625,10,-0.00164(39),-0.00038(46),,,,,,,,0.002(50),-0.5(1.3),1.0(1.3),0.001(50),
31,ma_FKFpi_nnlo_alphaS_FV,1.1872(22),-0.00401(69),35.505829295416326,1.4772088419689968,0.1405946701891369,10,-0.00212(24),-0.00058(29),,,,,,,,3(6200)e-07,-0.16(77),0.34(76),2(6200)e-07,
32,ma_FpiFpi_nnlo_log_logSq_sunset_bijnens,1.1862(41),-0.00398(69),31.541982632425245,2.0273511955850063,0.02676931655870685,0,0.0011(29),0.00023(77),0.00029(14),0.00033(16),-0.0031(15),-0.00006(10),-0.00034(17),0.00020(10),,0.50(64),-1.4(1.9),2.6(1.0),,
33,ma_FpiFpi_nnlo_log_logSq_sunset,1.1850(48),-0.00394(70),31.452142857959426,1.7885820093951943,0.05692051047438601,0,-0.0032(25),0.0023(10),0.00002(29),0.00006(33),0.0028(25),5(100)e-06,0.00003(34),6(198)e-06,,0.22(69),-1.3(2.8),1.2(2.3),,
34,ma_FpiFpi_nnlo_logSq_sunset,1.1888(40),-0.00405(70),32.57316899856782,1.7680690161203731,0.06059482260231577,0,0.00008(157),0.00098(84),,,,,,,,0.29(67),-2.5(2.5),4.9(2.0),,
35,ma_FpiFpi_nnlo,1.1898(41),-0.00408(70),33.341707346875154,1.5516960966343398,0.11432016037023594,0,0.0002(19),0.00157(97),,,,,,,,0.14(70),-3.0(3.1),6.0(2.3),,
36,ma_FpiFpi_nnlo_log_logSq_sunset_alphaS_bijnens,1.1864(40),-0.00398(69),31.54249679475183,2.0280513157623425,0.026708400752590195,0,0.0011(29),0.00023(77),0.00029(14),0.00033(16),-0.0031(15),-0.00006(10),-0.00034(17),0.00020(10),,0.36(70),-1.4(1.9),2.6(1.0),0.22(89),
37,ma_FpiFpi_nnlo_log_logSq_sunset_alphaS,1.1851(47),-0.00395(70),31.490803833782273,1.7892906109171705,0.05679725829845673,0,-0.0032(25),0.0023(10),0.00002(29),0.00006(33),0.0028(25),5(100)e-06,0.00003(34),6(198)e-06,,0.15(72),-1.3(2.8),1.2(2.3),0.09(89),
38,ma_FpiFpi_nnlo_logSq_sunset_alphaS,1.1890(38),-0.00405(69),32.585612000966876,1.7684934914707169,0.060516673734211365,0,0.00009(157),0.00099(84),,,,,,,,0.20(71),-2.5(2.5),4.9(2.0),0.13(88),
39,ma_FpiFpi_nnlo_alphaS,1.1899(40),-0.00408(70),33.36164094368668,1.5518512853368995,0.1142701363413708,0,0.0002(19),0.00158(96),,,,,,,,0.10(72),-3.1(3.1),6.0(2.3),0.06(87),
40,ma_FpiFpi_nnlo_log_logSq_sunset_FV_bijnens,1.1883(39),-0.00404(69),34.03877966432211,1.6125692569960393,0.09609039505973432,10,-0.00061(82),-0.00092(56),0.00029(14),0.00033(16),-0.0036(13),-0.00006(10),-0.00033(17),0.00021(10),,0.74(52),-0.6(1.5),1.3(1.3),,
41,ma_FpiFpi_nnlo_log_logSq_sunset_FV,1.1866(37),-0.00399(69),34.83474004563486,1.438612250269009,0.1560965796498858,10,-0.0002(48),0.00140(91),0.00001(29),0.00005(33),0.0022(28),1(100)e-06,3(334)e-06,-0.00001(20),,0.33(53),-1.5(2.2),2.6(1.7),,
42,ma_FpiFpi_nnlo_logSq_sunset_FV,1.1885(35),-0.00404(69),34.77049614283228,1.5092057964960088,0.128741461346933,10,-0.0009(13),0.00019(69),,,,,,,,0.39(56),-1.6(1.9),3.4(1.6),,
43,ma_FpiFpi_nnlo_FV,1.1894(35),-0.00407(69),35.808556862419366,1.254878117292079,0.25000487992042497,10,-0.0009(15),0.00071(81),,,,,,,,0.28(57),-2.0(2.4),4.4(1.9),,
44,ma_FpiFpi_nnlo_log_logSq_sunset_alphaS_FV_bijnens,1.1886(38),-0.00404(69),34.00705821157151,1.621255526610544,0.09370728544192514,10,-0.00061(79),-0.00098(53),0.00029(14),0.00032(16),-0.0036(13),-0.00006(10),-0.00033(17),0.00021(10),,0.54(54),-0.6(1.4),1.2(1.2),0.35(66),
45,ma_FpiFpi_nnlo_log_logSq_sunset_alphaS_FV,1.1867(36),-0.00399(69),34.83640081061201,1.4391128287063069,0.1558868123200566,10,-0.0002(48),0.00141(91),0.00001(29),0.00005(33),0.0022(28),1(100)e-06,3(334)e-06,-0.00001(20),,0.23(55),-1.5(2.2),2.6(1.7),0.15(67),
46,ma_FpiFpi_nnlo_logSq_sunset_alphaS_FV,1.1886(34),-0.00405(69),34.678744603928926,1.5448128343972851,0.11655792384771856,10,-0.0010(12),0.00010(67),,,,,,,,0.30(55),-1.5(1.8),3.2(1.6),0.19(65),
47,ma_FpiFpi_nnlo_alphaS_FV,1.1895(34),-0.00407(69),35.805737188377094,1.2548220260198382,0.2500390014994991,10,-0.0009(15),0.00071(81),,,,,,,,0.20(55),-2.0(2.4),4.3(1.9),0.13(64),
48,ma-ratio_FKFK_nnlo_log_logSq_sunset_bijnens,1.1837(60),-0.00391(70),25.27344031074388,2.3766308519771107,0.008245435172994755,0,-0.00102(35),-0.0003(11),0.00029(14),0.00033(16),-0.0033(14),-0.00006(10),-0.00031(17),0.00020(10),,0.8(1.3),0.2(4.9),-13.7(3.0),,
49,ma-ratio_FKFK_nnlo_log_logSq_sunset,1.1831(59),-0.00389(70),25.01301177585823,2.4189517817077597,0.0071129331707348795,0,-0.00099(31),-0.00052(92),-2(290)e-06,-0.00001(33),-0.0014(24),-3(1000)e-07,0.00011(34),0.00002(20),,0.42(93),3.5(6.0),-11.9(3.9),,
50,ma-ratio_FKFK_nnlo_logSq_sunset,1.1847(58),-0.00393(70),25.110622715997266,2.4705417289120297,0.0059327435055554645,0,-0.00096(24),-0.00050(62),,,,,,,,0.02(14),4.7(1.7),-12.8(2.5),,
51,ma-ratio_FKFK_nnlo,1.1860(40),-0.00397(69),26.360609608956967,2.455810854193891,0.006249096615770177,0,-0.001776(43),0.00107(14),,,,,,,,3.36(74),-0.47(61),-0.44(62),,
52,ma-ratio_FKFK_nnlo_log_logSq_sunset_alphaS_bijnens,1.1839(62),-0.00391(70),25.270840950118927,2.3760832016635938,0.008261160338251305,0,-0.00103(35),-0.0003(11),0.00029(14),0.00033(16),-0.0033(14),-0.00006(10),-0.00031(17),0.00020(10),,0.6(1.1),0.2(4.9),-13.7(3.0),0.4(1.2),
53,ma-ratio_FKFK_nnlo_log_logSq_sunset_alphaS,1.1832(59),-0.00389(70),25.01059302490973,2.4194923321464707,0.007099477540487723,0,-0.00099(31),-0.00052(92),-2(290)e-06,-0.00001(33),-0.0014(24),-3(1000)e-07,0.00011(34),0.00002(20),,0.29(79),3.5(6.0),-11.9(3.9),0.18(81),
54,ma-ratio_FKFK_nnlo_logSq_sunset_alphaS,1.1847(58),-0.00393(70),25.104340558838377,2.4725533899008423,0.005890750890879805,0,-0.00096(24),-0.00051(61),,,,,,,,0.0008(280),4.7(1.7),-12.8(2.5),0.0005(280),
55,ma-ratio_FKFK_nnlo_alphaS,1.1867(42),-0.00399(69),26.30080836962173,2.4690775662754207,0.005963487404388249,0,-0.001779(40),0.00107(13),,,,,,,,2.3(2.0),-0.39(55),-0.36(56),1.7(3.0),
56,ma-ratio_FKFK_nnlo_log_logSq_sunset_FV_bijnens,1.1843(60),-0.00392(70),27.47138987524698,1.9258149212238491,0.03710369047289787,10,-0.00107(34),-0.00004(107),0.00029(14),0.00033(16),-0.0031(14),-0.00006(10),-0.00031(17),0.00020(10),,0.9(1.3),-0.3(5.0),-13.8(3.0),,
57,ma-ratio_FKFK_nnlo_log_logSq_sunset_FV,1.1837(58),-0.00391(70),27.286819424803987,1.9556436337291232,0.03373845863946584,10,-0.00104(30),-0.00030(90),2(2897)e-07,-4(328)e-06,-0.0009(24),-1(1000)e-07,0.00011(34),0.00002(20),,0.46(94),3.9(6.0),-11.5(3.8),,
58,ma-ratio_FKFK_nnlo_logSq_sunset_FV,1.1853(58),-0.00395(70),27.448217463349145,1.9663252914645453,0.032603535797072945,10,-0.00100(23),-0.00034(60),,,,,,,,0.003(53),4.2(1.7),-12.7(2.5),,
59,ma-ratio_FKFK_nnlo_FV,1.1856(58),-0.00396(70),27.96091658769707,1.8814472639091284,0.042683430468868085,10,-0.00105(23),-0.00034(59),,,,,,,,8e-09 +- 8.6e-05,5.8(1.8),-11.2(2.5),,
60,ma-ratio_FKFK_nnlo_log_logSq_sunset_alphaS_FV_bijnens,1.1846(61),-0.00393(70),27.468226683847,1.924322472347583,0.03727992455902013,10,-0.00108(35),-8(1089)e-06,0.00029(14),0.00033(16),-0.0031(14),-0.00006(10),-0.00031(17),0.00020(10),,0.7(1.2),-0.4(5.1),-13.7(3.0),0.4(1.3),
61,ma-ratio_FKFK_nnlo_log_logSq_sunset_alphaS_FV,1.1838(59),-0.00391(70),27.286787071545877,1.9545257057785663,0.03385932421681044,10,-0.00104(31),-0.00028(92),2(2897)e-07,-4(328)e-06,-0.0009(24),-1(1000)e-07,0.00011(34),0.00002(20),,0.35(83),3.9(6.0),-11.5(3.8),0.22(85),
62,ma-ratio_FKFK_nnlo_logSq_sunset_alphaS_FV,1.1853(58),-0.00395(70),27.44739331749071,1.9665884826166973,0.03257602260896563,10,-0.00099(23),-0.00034(60),,,,,,,,0.0004(190),4.2(1.7),-12.7(2.5),0.0002(190),
63,ma-ratio_FKFK_nnlo_alphaS_FV,1.1856(58),-0.00396(70),27.960916634836348,1.8814472483714235,0.04268343255087922,10,-0.00105(23),-0.00034(59),,,,,,,,1(3300)e-07,5.8(1.8),-11.2(2.5),7(33000)e-08,
64,ma-ratio_FKFpi_nnlo_log_logSq_sunset_bijnens,1.1881(57),-0.00403(70),26.085165031619763,2.4074914051650143,0.007404009767983249,0,-0.00085(20),-0.00126(67),0.00024(12),0.00022(11),-0.0037(12),-0.00010(10),-0.00030(17),0.00014(10),,0.0001(100),1.0(3.2),-9.3(2.2),,
65,ma-ratio_FKFpi_nnlo_log_logSq_sunset,1.1883(57),-0.00404(70),25.629689952387075,2.447327976203105,0.006438530359164228,0,-0.00087(20),-0.00124(66),-2(240)e-06,-0.00001(22),-0.0028(17),-3(100)e-06,0.00018(34),7(140)e-06,,0.00007(750),1.2(4.0),-8.1(2.6),,
66,ma-ratio_FKFpi_nnlo_logSq_sunset,1.1905(60),-0.00410(71),28.990488068596363,1.3021602462065054,0.22246650691280626,0,0.00293(35),0.0043(14),,,,,,,,-0.0005(170),21.6(1.3),23(10),,
67,ma-ratio_FKFpi_nnlo,1.1904(61),-0.00410(71),28.93759859792553,1.3166515906993133,0.21451020331645806,0,0.00298(36),0.0042(15),,,,,,,,-1(800)e-06,23.5(1.3),24(11),,
68,ma-ratio_FKFpi_nnlo_log_logSq_sunset_alphaS_bijnens,1.1881(57),-0.00403(70),26.085151775594287,2.4075019375253235,0.007403737112226739,0,-0.00085(20),-0.00126(67),0.00024(12),0.00022(11),-0.0037(12),-0.00010(10),-0.00030(17),0.00014(10),,0.00003(500),1.0(3.2),-9.3(2.2),0.00002(500),
69,ma-ratio_FKFpi_nnlo_log_logSq_sunset_alphaS,1.1883(57),-0.00404(70),25.64387852229267,2.440016469471837,0.006606202518213135,0,-0.00087(20),-0.00124(67),-3(240)e-06,-0.00001(22),-0.0028(17),-3(100)e-06,0.00018(34),7(140)e-06,,0.0009(260),1.2(4.0),-8.2(2.7),0.0006(260),
70,ma-ratio_FKFpi_nnlo_logSq_sunset_alphaS,1.1905(60),-0.00410(71),28.99047899146465,1.3021624164983543,0.222465298518435,0,0.00293(35),0.0043(14),,,,,,,,-0.0003(140),21.6(1.3),23(10),-0.0002(140),
71,ma-ratio_FKFpi_nnlo_alphaS,1.1904(61),-0.00410(71),28.937612254887505,1.3166484394603355,0.21451190913304333,0,0.00298(36),0.0042(15),,,,,,,,-0.00001(290),23.5(1.3),24(11),-9(2900)e-06,
72,ma-ratio_FKFpi_nnlo_log_logSq_sunset_FV_bijnens,1.1881(57),-0.00403(70),28.99022721252213,1.8139845643669756,0.05264996748733392,10,-0.00087(20),-0.00113(67),0.00024(12),0.00022(11),-0.0034(12),-0.00010(10),-0.00030(17),0.00014(10),,0.0002(150),1.4(3.2),-9.1(2.2),,
73,ma-ratio_FKFpi_nnlo_log_logSq_sunset_FV,1.1883(57),-0.00404(70),28.602496604106026,1.8415592611315843,0.04834496386265832,10,-0.00089(20),-0.00113(66),-2(240)e-06,-8(219)e-06,-0.0022(17),-2(100)e-06,0.00016(34),8(140)e-06,,0.0002(120),2.3(4.1),-7.6(2.7),,
74,ma-ratio_FKFpi_nnlo_logSq_sunset_FV,1.1901(60),-0.00409(71),29.728334806189842,1.1544789063071117,0.3166760505372872,10,0.00292(35),0.0043(14),,,,,,,,-0.0008(220),21.5(1.3),23(10),,
75,ma-ratio_FKFpi_nnlo_FV,1.1901(61),-0.00408(71),29.70863790155466,1.1623150655758805,0.3110688774524307,10,0.00296(36),0.0042(15),,,,,,,,-7(20000)e-08,23.3(1.3),24(11),,
76,ma-ratio_FKFpi_nnlo_log_logSq_sunset_alphaS_FV_bijnens,1.1881(57),-0.00403(70),28.997696334221697,1.8074784603372631,0.0537151585991353,10,-0.00087(20),-0.00114(67),0.00024(12),0.00022(11),-0.0034(12),-0.00010(10),-0.00030(17),0.00014(10),,0.001(36),1.4(3.2),-9.1(2.2),0.0009(360),
77,ma-ratio_FKFpi_nnlo_log_logSq_sunset_alphaS_FV,1.1883(57),-0.00403(70),28.611821701234287,1.8355549805173468,0.04925411616052718,10,-0.00089(20),-0.00114(66),-2(240)e-06,-8(219)e-06,-0.0022(17),-2(100)e-06,0.00015(34),8(140)e-06,,0.00002(400),2.3(4.1),-7.7(2.7),0.00001(400),
78,ma-ratio_FKFpi_nnlo_logSq_sunset_alphaS_FV,1.1901(60),-0.00409(71),29.727814444510607,1.1545970188013892,0.3165910307214845,10,0.00292(35),0.0043(14),,,,,,,,-0.00009(730),21.5(1.3),23(10),-0.00006(730),
79,ma-ratio_FKFpi_nnlo_alphaS_FV,1.1901(61),-0.00408(71),29.70864963468246,1.162312488561715,0.311070710259832,10,0.00296(36),0.0042(15),,,,,,,,-0.00001(240),23.3(1.3),24(11),-7(2400)e-06,
80,ma-ratio_FpiFpi_nnlo_log_logSq_sunset_bijnens,1.1956(73),-0.00424(72),25.8173940339585,2.2732374664637165,0.011778718292176284,0,-0.00090(27),-0.00094(89),0.00029(14),0.00031(16),-0.0045(11),-0.00007(10),-0.00028(17),0.00021(10),,0.0004(140),-2.3(3.3),-8.6(2.0),,
81,ma-ratio_FpiFpi_nnlo_log_logSq_sunset,1.1950(72),-0.00422(72),25.32448302138752,2.277775470433551,0.01159732548396758,0,-0.00091(27),-0.00092(88),-3(290)e-06,-0.00004(33),-0.0037(15),-7(100)e-06,0.00021(34),0.00001(20),,0.0003(130),-2.6(3.9),-8.1(2.3),,
82,ma-ratio_FpiFpi_nnlo_logSq_sunset,1.1928(46),-0.00416(70),26.82618428287817,2.2177116259859457,0.01422729625648727,0,-0.001394(19),0.000058(40),,,,,,,,2.46(59),-0.0005(180),-0.0004(180),,
83,ma-ratio_FpiFpi_nnlo,1.1961(65),-0.00425(72),25.832299564295862,2.253836695034025,0.01258496095864134,0,-0.00124(26),-0.00015(70),,,,,,,,1.81(89),2.2(2.4),-1.8(2.6),,
84,ma-ratio_FpiFpi_nnlo_log_logSq_sunset_alphaS_bijnens,1.1956(73),-0.00424(72),25.81742445476957,2.2732211548711447,0.011779375122818464,0,-0.00090(27),-0.00094(89),0.00029(14),0.00031(16),-0.0045(11),-0.00007(10),-0.00028(17),0.00021(10),,0.0003(130),-2.3(3.3),-8.6(2.0),0.0002(130),
85,ma-ratio_FpiFpi_nnlo_log_logSq_sunset_alphaS,1.1950(72),-0.00422(72),25.32443021329252,2.2777996601551767,0.011596365708447041,0,-0.00091(27),-0.00092(88),-3(290)e-06,-0.00004(33),-0.0037(15),-7(100)e-06,0.00021(34),0.00001(20),,0.0001(77),-2.6(3.9),-8.1(2.3),0.00006(770),
86,ma-ratio_FpiFpi_nnlo_logSq_sunset_alphaS,1.1938(47),-0.00419(70),26.847902127077518,2.21370041595663,0.014421662560359937,0,-0.001396(19),0.000065(41),,,,,,,,1.7(1.5),-0.00009(780),-0.00008(780),1.2(2.2),
87,ma-ratio_FpiFpi_nnlo_alphaS,1.1968(66),-0.00427(72),25.827083909025987,2.254097909391459,0.012573766619161021,0,-0.00124(26),-0.00015(70),,,,,,,,1.29(87),2.2(2.4),-1.8(2.7),0.8(1.0),
88,ma-ratio_FpiFpi_nnlo_log_logSq_sunset_FV_bijnens,1.1945(70),-0.00421(72),29.02938964534873,1.6815782613165111,0.07854092963484298,10,-0.00087(26),-0.00102(88),0.00029(14),0.00032(16),-0.0039(11),-0.00007(10),-0.00029(17),0.00020(10),,0.0002(110),-1.0(3.3),-8.2(2.0),,
89,ma-ratio_FpiFpi_nnlo_log_logSq_sunset_FV,1.1943(68),-0.00420(72),28.468094407421088,1.7235296877652235,0.06931691825020954,10,-0.00088(26),-0.00102(86),-10(2895)e-07,-0.00002(33),-0.0029(15),-5(100)e-06,0.00018(34),0.00001(20),,0.0003(140),-0.7(3.8),-7.3(2.2),,
90,ma-ratio_FpiFpi_nnlo_logSq_sunset_FV,1.1924(46),-0.00415(70),29.01001027587129,1.7818850815367426,0.0580973420931565,10,-0.001395(19),0.000055(40),,,,,,,,2.24(59),-0.0007(190),-0.0006(190),,
91,ma-ratio_FpiFpi_nnlo_FV,1.1953(65),-0.00423(72),28.557172695503912,1.7943623532214257,0.05592211135666236,10,-0.00097(26),-0.00081(69),,,,,,,,0.53(48),4.3(1.8),-4.6(2.1),,
92,ma-ratio_FpiFpi_nnlo_log_logSq_sunset_alphaS_FV_bijnens,1.1945(69),-0.00421(72),29.02194324536784,1.6887013689872803,0.07690176538568254,10,-0.00087(26),-0.00102(88),0.00029(14),0.00032(16),-0.0039(11),-0.00007(10),-0.00029(17),0.00020(10),,0.002(32),-1.0(3.3),-8.1(1.9),0.001(32),
93,ma-ratio_FpiFpi_nnlo_log_logSq_sunset_alphaS_FV,1.1943(68),-0.00420(72),28.46804582906413,1.7235596666863482,0.06931068785998304,10,-0.00088(26),-0.00102(86),-10(2895)e-07,-0.00002(33),-0.0029(15),-5(100)e-06,0.00018(34),0.00001(20),,0.00009(740),-0.7(3.8),-7.3(2.2),0.00006(740),
94,ma-ratio_FpiFpi_nnlo_logSq_sunset_alphaS_FV,1.1933(47),-0.00418(70),29.04880275163548,1.7756000217706949,0.0592217262102409,10,-0.001396(19),0.000062(41),,,,,,,,1.5(1.4),-0.001(25),-0.001(25),1.2(2.1),
95,ma-ratio_FpiFpi_nnlo_alphaS_FV,1.1956(65),-0.00424(72),28.57454532430341,1.792161534728935,0.0563003619900069,10,-0.00098(26),-0.00078(69),,,,,,,,0.39(43),4.2(1.8),-4.6(2.1),0.25(44),
96,xpt_FKFK_nnlo_log_logSq_sunset_bijnens,1.1789(36),-0.00377(69),35.3493346735556,1.5380904811878169,0.11877951098435993,0,8(1286)e-06,0.00016(59),0.00029(14),0.00034(16),-0.0028(15),-0.00006(10),-0.00034(16),0.000201(99),,-4.77(70),-0.00002(1700),0.00004(1700),,
97,xpt_FKFK_nnlo_log_logSq_sunset,1.1803(34),-0.00381(69),35.9058313647486,1.4243100166253253,0.16218904847885965,0,0.0002(50),0.00111(52),8(290)e-06,0.00002(33),0.0007(18),3(100)e-06,0.00006(28),0.00002(19),,-4.75(74),-0.00006(3600),-0.00008(3599),,
98,xpt_FKFK_nnlo_logSq_sunset,1.1805(40),-0.00382(69),34.88328684211575,1.4774564478414676,0.1404995383649014,0,-0.00156(71),0.00018(38),,,,,,,,-4.99(76),-0.1(1.0),0.34(98),,
99,xpt_FKFK_nnlo,1.1816(40),-0.00385(69),34.56785819865903,1.5307440949432234,0.12124865032041082,0,-0.00239(21),0.00016(16),,,,,,,,-5.12(77),-4e-09 +- 0.00018,1e-08 +- 0.00018,,
100,xpt_FKFK_nnlo_log_logSq_sunset_alphaS_bijnens,1.1778(37),-0.00374(68),35.32395142103876,1.5284942615837251,0.12201353671187667,0,-0.00005(123),0.00013(57),0.00029(14),0.00034(16),-0.0028(15),-0.00006(10),-0.00034(16),0.00020(10),,-3.3(1.7),-0.0001(360),0.0002(360),-2.2(2.5),
101,xpt_FKFK_nnlo_log_logSq_sunset_alphaS,1.1792(35),-0.00378(69),35.912443421252696,1.422697036385917,0.16288825185491435,0,0.0002(50),0.00112(52),8(290)e-06,0.00002(33),0.0008(18),3(100)e-06,0.00006(28),0.00002(19),,-3.3(1.7),-0.001(140),-0.0008(1396),-2.2(2.5),
102,xpt_FKFK_nnlo_logSq_sunset_alphaS,1.1792(41),-0.00378(69),34.879733719447174,1.476579470191949,0.1408367221720823,0,-0.00158(69),0.00015(37),,,,,,,,-3.5(1.8),-0.13(97),0.32(95),-2.3(2.7),
103,xpt_FKFK_nnlo_alphaS,1.1804(41),-0.00381(69),34.569393378800285,1.5279624681758537,0.12219493327101187,0,-0.00239(21),0.00014(16),,,,,,,,-3.6(1.9),-4(6200)e-06,0.00001(620),-2.3(2.8),
104,xpt_FKFK_nnlo_log_logSq_sunset_FV_bijnens,1.1787(38),-0.00377(69),36.62944502966355,0.9997751311202641,0.4406905929962852,10,-0.0009(15),-0.00025(81),0.00029(14),0.00034(16),-0.0028(15),-0.00006(10),-0.00031(17),0.00020(10),,-5.21(78),0.4(2.2),-0.6(1.7),,
105,xpt_FKFK_nnlo_log_logSq_sunset_FV,1.1806(35),-0.00382(69),37.91218594092432,0.9177396548863864,0.5153549419519191,10,0.00005(500),0.00122(65),9(290)e-06,0.00003(33),0.0012(22),-1(100)e-06,0.00009(31),0.00001(20),,-5.11(75),0.1(1.3),-0.1(1.2),,
106,xpt_FKFK_nnlo_logSq_sunset_FV,1.1823(43),-0.00387(69),37.949107459577775,0.8093026514807121,0.6197506026010275,10,-0.0004(19),0.00097(94),,,,,,,,-5.26(76),-1.1(3.0),2.3(2.5),,
107,xpt_FKFK_nnlo_FV,1.1821(41),-0.00386(69),37.964791882280615,0.8225439279280125,0.6068267496766337,10,-0.0020(11),0.00041(56),,,,,,,,-5.43(77),-0.2(1.6),0.7(1.5),,
108,xpt_FKFK_nnlo_log_logSq_sunset_alphaS_FV_bijnens,1.1774(40),-0.00373(69),36.651299367087226,0.9916494547425998,0.4478498563595333,10,-0.0009(15),-0.00026(80),0.00029(14),0.00034(16),-0.0028(15),-0.00006(10),-0.00032(17),0.00020(10),,-3.6(2.1),0.4(2.2),-0.6(1.7),-2.5(3.2),
109,xpt_FKFK_nnlo_log_logSq_sunset_alphaS_FV,1.1794(38),-0.00379(69),37.93783537352696,0.9103949442250932,0.5222676775641208,10,0.00006(500),0.00123(65),9(290)e-06,0.00003(33),0.0012(22),-1(100)e-06,0.00008(31),0.00001(20),,-3.5(2.1),0.1(1.3),-0.1(1.2),-2.5(3.2),
110,xpt_FKFK_nnlo_logSq_sunset_alphaS_FV,1.1810(46),-0.00383(69),37.95165906303246,0.8053905800744934,0.6235713917331486,10,-0.0004(19),0.00094(94),,,,,,,,-3.7(2.3),-1.1(3.0),2.3(2.5),-2.4(3.4),
111,xpt_FKFK_nnlo_alphaS_FV,1.1808(43),-0.00382(69),37.96540935583161,0.8203426986543597,0.6089739494148975,10,-0.0020(11),0.00039(56),,,,,,,,-3.8(2.1),-0.2(1.6),0.7(1.5),-2.5(3.2),
112,xpt_FKFpi_nnlo_log_logSq_sunset_bijnens,1.1848(38),-0.00394(69),34.38912904675977,1.3913381275952177,0.1769793484837647,0,0.0024(37),0.00125(72),0.00024(12),0.00022(11),-0.0029(14),-0.00010(10),-0.00035(17),0.00013(10),,-4.36(69),-1.7(2.4),2.7(1.4),,
113,xpt_FKFpi_nnlo_log_logSq_sunset,1.1855(38),-0.00396(69),34.36054143914029,1.3653844785913978,0.1893742744474209,0,0.0027(45),0.00172(65),-2(240)e-06,-3(219)e-06,-0.0002(24),6(100)e-06,-0.00004(33),-5(139)e-06,,-4.38(68),-1.8(2.4),2.0(1.8),,
114,xpt_FKFpi_nnlo_logSq_sunset,1.1880(41),-0.00403(70),31.506688388594853,1.9602227689576524,0.0332475295932603,0,-0.0011(11),0.0008(12),,,,,,,,-4.42(69),-2.1(3.7),4.6(3.1),,
115,xpt_FKFpi_nnlo,1.1899(43),-0.00408(70),29.624339598793767,2.2971642017781333,0.01085173776184446,0,-0.0011(14),0.0015(13),,,,,,,,-4.52(71),-2.7(4.7),6.0(3.7),,
116,xpt_FKFpi_nnlo_log_logSq_sunset_alphaS_bijnens,1.1836(39),-0.00390(69),34.41513269539391,1.3794683322988142,0.1825644101086065,0,0.0024(37),0.00125(72),0.00024(12),0.00022(11),-0.0029(14),-0.00010(10),-0.00035(17),0.00013(10),,-3.1(1.4),-1.7(2.4),2.7(1.4),-2.0(2.1),
117,xpt_FKFpi_nnlo_log_logSq_sunset_alphaS,1.1843(39),-0.00392(69),34.38676074705613,1.3534265780459205,0.1953142355222823,0,0.0027(45),0.00172(65),-2(240)e-06,-3(219)e-06,-0.0002(24),6(100)e-06,-0.00004(33),-5(139)e-06,,-3.1(1.4),-1.8(2.4),2.0(1.8),-2.0(2.1),
118,xpt_FKFpi_nnlo_logSq_sunset_alphaS,1.1868(42),-0.00399(69),31.54142416346125,1.9440763870379416,0.035008546587564505,0,-0.0011(11),0.0008(12),,,,,,,,-3.1(1.6),-2.1(3.7),4.6(3.1),-2.0(2.4),
119,xpt_FKFpi_nnlo_alphaS,1.1886(44),-0.00404(70),29.665101362103528,2.2805288643746136,0.011488561349084363,0,-0.0010(14),0.0015(13),,,,,,,,-3.2(1.6),-2.7(4.7),6.0(3.7),-2.1(2.3),
120,xpt_FKFpi_nnlo_log_logSq_sunset_FV_bijnens,1.1862(37),-0.00398(69),36.69600965076549,0.9049942905529742,0.5273704705974035,10,-0.00057(69),-0.00034(66),0.00024(12),0.00021(11),-0.0037(14),-0.00010(10),-0.00037(17),0.00014(10),,-4.66(64),-0.9(1.6),1.8(1.2),,
121,xpt_FKFpi_nnlo_log_logSq_sunset_FV,1.1868(37),-0.00399(69),37.51560083677125,0.8141371312848387,0.6150301529377301,10,0.0015(46),0.00197(55),2(240)e-06,9(219)e-06,0.0018(21),6(100)e-06,-0.00010(33),-0.00002(14),,-4.81(67),-1.0(1.6),1.4(1.4),,
122,xpt_FKFpi_nnlo_logSq_sunset_FV,1.1864(40),-0.00398(69),36.58145096182512,1.0050499887343711,0.4360739869976206,10,-0.00189(53),-0.00072(63),,,,,,,,-4.57(65),-0.4(1.8),0.9(1.7),,
123,xpt_FKFpi_nnlo_FV,1.1881(41),-0.00403(70),35.29833174909841,1.2398594866910932,0.25926516421474344,10,-0.00193(88),-0.00014(99),,,,,,,,-4.68(66),-0.9(3.0),2.2(2.7),,
124,xpt_FKFpi_nnlo_log_logSq_sunset_alphaS_FV_bijnens,1.1850(39),-0.00394(69),36.70429889450581,0.8895250403956186,0.5420727872802448,10,-0.00056(69),-0.00035(66),0.00024(12),0.00021(11),-0.0037(14),-0.00010(10),-0.00037(17),0.00014(10),,-3.3(1.9),-0.9(1.6),1.8(1.2),-2.1(2.8),
125,xpt_FKFpi_nnlo_log_logSq_sunset_alphaS_FV,1.1855(39),-0.00396(69),37.489466670857844,0.8181972057524304,0.6110673453520876,10,0.0016(47),0.00199(52),2(240)e-06,9(219)e-06,0.0019(21),6(100)e-06,-0.00011(32),-0.00002(14),,-3.4(1.8),-1.0(1.5),1.4(1.4),-2.1(2.7),
126,xpt_FKFpi_nnlo_logSq_sunset_alphaS_FV,1.1850(43),-0.00394(69),36.57664319185079,1.004102093915044,0.4369017785496748,10,-0.00191(50),-0.00077(60),,,,,,,,-3.2(2.0),-0.3(1.7),0.8(1.6),-2.1(2.9),
127,xpt_FKFpi_nnlo_alphaS_FV,1.1868(43),-0.00399(69),35.29755069086737,1.2367190858137196,0.2612330568703144,10,-0.00192(88),-0.00014(99),,,,,,,,-3.3(1.9),-0.9(3.0),2.2(2.7),-2.1(2.9),
128,xpt_FpiFpi_nnlo_log_logSq_sunset_bijnens,1.1864(44),-0.00398(70),33.508769190262605,1.4774774927336676,0.14049145526686055,0,0.0021(35),0.00037(67),0.00029(14),0.00032(16),-0.0034(15),-0.00006(10),-0.00035(17),0.00020(10),,-4.01(67),-2.0(2.4),3.1(1.2),,
129,xpt_FpiFpi_nnlo_log_logSq_sunset,1.1876(40),-0.00401(69),30.36669558389796,1.986357535550495,0.03056976366254296,0,0.00098(67),-0.00165(29),-0.00005(29),-0.00013(33),-0.0070(15),-5(1000)e-07,-8(339)e-06,0.00003(20),,-3.71(60),-0.19(73),0.37(72),,
130,xpt_FpiFpi_nnlo_logSq_sunset,1.1896(41),-0.00407(70),32.21122989738091,1.823269237297912,0.05116303228837897,0,-0.0004(20),0.0007(11),,,,,,,,-4.01(76),-2.4(3.3),5.0(2.5),,
131,xpt_FpiFpi_nnlo,1.1906(45),-0.00410(70),30.760498315330228,1.975662657873137,0.03164046629541084,0,0.0002(24),0.0017(13),,,,,,,,-4.30(82),-3.5(4.2),6.9(2.9),,
132,xpt_FpiFpi_nnlo_log_logSq_sunset_alphaS_bijnens,1.1853(44),-0.00395(69),33.496716356324804,1.484042774392584,0.13798878335461442,0,0.0021(35),0.00036(67),0.00029(14),0.00032(16),-0.0035(15),-0.00006(10),-0.00035(17),0.00020(10),,-2.8(1.3),-1.9(2.2),3.1(1.1),-1.8(1.9),
133,xpt_FpiFpi_nnlo_log_logSq_sunset_alphaS,1.1824(59),-0.00387(70),31.699273286713435,1.4334574566289748,0.1582702883748894,0,-0.0045(14),0.00310(28),0.00001(29),0.00005(33),0.0029(20),6(100)e-06,-0.00005(34),-0.00002(20),,-3.2(1.3),-0.04(47),0.05(47),-2.1(1.9),
134,xpt_FpiFpi_nnlo_logSq_sunset_alphaS,1.1882(41),-0.00403(70),32.21834373157485,1.8292536476925965,0.0502249521244874,0,-0.0004(20),0.0006(10),,,,,,,,-2.8(1.4),-2.4(3.2),4.9(2.4),-1.8(2.0),
135,xpt_FpiFpi_nnlo_alphaS,1.1891(45),-0.00406(70),30.77916705314118,1.9686614091922308,0.03236007455178977,0,0.0002(24),0.0017(13),,,,,,,,-3.0(1.3),-3.5(4.2),6.9(2.9),-2.0(1.9),
136,xpt_FpiFpi_nnlo_log_logSq_sunset_FV_bijnens,1.1897(40),-0.00407(70),36.76695709753536,0.9012594852898846,0.5309086964899135,10,-0.00021(72),-0.00104(51),0.00028(14),0.00030(16),-0.0045(13),-0.00006(10),-0.00035(17),0.00020(10),,-3.93(58),-0.8(1.4),1.5(1.2),,
137,xpt_FpiFpi_nnlo_log_logSq_sunset_FV,1.1895(40),-0.00407(70),35.45323891373988,1.024476085510441,0.4192884952826363,10,0.00029(58),-0.00181(16),-0.00004(29),-0.00010(33),-0.0057(14),-1(1000)e-07,-7(339)e-06,0.00003(20),,-3.85(56),-0.0007(520),0.001(52),,
138,xpt_FpiFpi_nnlo_logSq_sunset_FV,1.1894(43),-0.00407(70),38.74169704853828,0.8628641387683157,0.5676715465514961,10,-0.0029(11),-0.00129(66),,,,,,,,-3.54(58),-0.3(1.7),1.0(1.5),,
139,xpt_FpiFpi_nnlo_FV,1.1906(40),-0.00410(70),37.34346663024171,1.032203548318304,0.4127087661501528,10,-0.0025(17),-0.00050(95),,,,,,,,-3.81(67),-0.9(2.7),2.6(2.2),,
140,xpt_FpiFpi_nnlo_log_logSq_sunset_alphaS_FV_bijnens,1.1884(42),-0.00404(70),36.769168747143404,0.8902861114652906,0.5413466240574116,10,-0.00020(72),-0.00104(51),0.00028(14),0.00030(16),-0.0045(13),-0.00006(10),-0.00035(17),0.00020(10),,-2.8(1.6),-0.8(1.4),1.5(1.2),-1.8(2.4),
141,xpt_FpiFpi_nnlo_log_logSq_sunset_alphaS_FV,1.1848(54),-0.00394(70),34.10187249191434,1.012286971280641,0.4297804959708705,10,-0.0036(13),0.00307(24),0.00002(29),0.00007(33),0.0042(20),5(100)e-06,-0.00010(34),-0.00005(20),,-3.4(1.6),-0.0005(440),0.0008(440),-2.2(2.4),
142,xpt_FpiFpi_nnlo_logSq_sunset_alphaS_FV,1.1881(46),-0.00403(70),38.74266105094677,0.8581467613427936,0.5722296894578546,10,-0.0029(11),-0.00130(66),,,,,,,,-2.5(1.6),-0.3(1.7),1.0(1.5),-1.6(2.4),
143,xpt_FpiFpi_nnlo_alphaS_FV,1.1893(43),-0.00406(70),37.345342694554404,1.0268226150946422,0.4172845266163544,10,-0.0024(17),-0.00050(95),,,,,,,,-2.7(1.7),-0.9(2.7),2.7(2.2),-1.8(2.4),
144,xpt-ratio_FKFK_nnlo_log_logSq_sunset_bijnens,1.1830(42),-0.00389(69),31.515677315586643,1.0798487540819823,0.3734317948161827,0,-0.00195(38),0.00132(86),0.00029(14),0.00033(16),-0.0030(13),-0.00006(10),-0.00034(17),0.00020(10),,-4.60(75),-6.5(5.5),-0.03(4.71),,
145,xpt-ratio_FKFK_nnlo_log_logSq_sunset,1.1832(43),-0.00389(69),31.002608658707967,1.0847963095130295,0.3694852051690312,0,-0.00201(41),0.00140(90),-5(290)e-06,-0.00002(33),-0.0011(22),2(100)e-06,0.00001(34),4(200)e-06,,-4.67(76),-4.5(6.9),2.0(5.5),,
146,xpt-ratio_FKFK_nnlo_logSq_sunset,1.1803(38),-0.00381(69),32.171115055285284,1.4444329711543458,0.15367177549036565,0,-0.001658(68),0.00050(20),,,,,,,,-4.47(74),0.37(86),0.3(1.1),,
147,xpt-ratio_FKFK_nnlo,1.1808(41),-0.00383(69),31.08042471771237,1.4378125084138076,0.1564321953199097,0,-0.00170(17),0.00047(39),,,,,,,,-4.65(75),2.1(1.8),1.9(2.7),,
148,xpt-ratio_FKFK_nnlo_log_logSq_sunset_alphaS_bijnens,1.1819(44),-0.00386(69),31.534777896927928,1.0757907112341498,0.3766877887476549,0,-0.00194(38),0.00131(86),0.00029(14),0.00033(16),-0.0030(13),-0.00006(10),-0.00034(17),0.00020(10),,-3.2(2.0),-6.5(5.5),-0.05(4.69),-2.1(2.9),
149,xpt-ratio_FKFK_nnlo_log_logSq_sunset_alphaS,1.1820(44),-0.00386(69),30.998577089387545,1.0923971738615978,0.3634719393764069,0,-0.00201(41),0.00140(90),-5(290)e-06,-0.00002(33),-0.0011(22),2(100)e-06,0.00001(34),4(200)e-06,,-3.2(1.9),-4.6(6.9),2.0(5.5),-2.1(2.9),
150,xpt-ratio_FKFK_nnlo_logSq_sunset_alphaS,1.1792(38),-0.00378(69),32.18476289713653,1.4429084283238278,0.1543038379755002,0,-0.001655(68),0.00049(20),,,,,,,,-3.1(1.2),0.34(86),0.3(1.1),-2.1(1.7),
151,xpt-ratio_FKFK_nnlo_alphaS,1.1796(40),-0.00379(69),31.07971745467713,1.4484688200483462,0.15200889455937233,0,-0.00170(17),0.00047(38),,,,,,,,-3.2(1.4),2.1(1.8),1.9(2.7),-2.2(2.0),
152,xpt-ratio_FKFK_nnlo_log_logSq_sunset_FV_bijnens,1.1835(42),-0.00390(69),33.988554899358725,0.5349804342528034,0.8666201229106526,10,-0.00189(36),0.00128(82),0.00029(14),0.00034(16),-0.0026(14),-0.00006(10),-0.00034(17),0.00020(10),,-5.12(76),-5.2(5.2),-1.0(4.4),,
153,xpt-ratio_FKFK_nnlo_log_logSq_sunset_FV,1.1838(43),-0.00391(69),33.82684956376899,0.4528807659912021,0.9203556308423728,10,-0.00202(38),0.00148(84),1(290)e-06,5(328)e-06,0.0003(23),-4e-10 +- 0.0001,-5(340)e-06,-2(200)e-06,,-5.30(78),-1.4(6.7),2.8(5.4),,
154,xpt-ratio_FKFK_nnlo_logSq_sunset_FV,1.1814(36),-0.00384(69),36.15280427205421,0.7386168529292191,0.6885541821855148,10,-0.001658(25),0.000588(61),,,,,,,,-5.01(75),0.002(148),0.004(149),,
155,xpt-ratio_FKFK_nnlo_FV,1.1824(40),-0.00387(69),34.914688603607985,0.7490366802731359,0.6784808469487645,10,-0.00170(11),0.00061(27),,,,,,,,-5.18(76),1.5(1.3),1.4(1.8),,
156,xpt-ratio_FKFK_nnlo_log_logSq_sunset_alphaS_FV_bijnens,1.1823(44),-0.00387(69),33.976168243680604,0.5336761665843193,0.8675772262104133,10,-0.00188(36),0.00128(83),0.00029(14),0.00034(16),-0.0026(14),-0.00006(10),-0.00034(17),0.00020(10),,-3.6(2.1),-5.2(5.2),-1.0(4.4),-2.3(3.1),
157,xpt-ratio_FKFK_nnlo_log_logSq_sunset_alphaS_FV,1.1825(45),-0.00387(69),33.83206453484002,0.4496777304664241,0.9221671405965708,10,-0.00202(38),0.00147(84),1(290)e-06,5(328)e-06,0.0003(23),4e-09 +- 0.0001,-5(340)e-06,-2(200)e-06,,-3.7(2.2),-1.4(6.7),2.8(5.4),-2.4(3.3),
158,xpt-ratio_FKFK_nnlo_logSq_sunset_alphaS_FV,1.1802(36),-0.00381(69),36.21874790656709,0.7252752222676416,0.7013875302026451,10,-0.001655(23),0.000572(51),,,,,,,,-3.5(1.4),7(12999)e-06,0.00002(1300),-2.3(2.0),
159,xpt-ratio_FKFK_nnlo_alphaS_FV,1.1811(40),-0.00383(69),34.945627445508855,0.7429967421229428,0.6843247921094026,10,-0.00170(11),0.00060(27),,,,,,,,-3.6(1.5),1.5(1.3),1.3(1.8),-2.4(2.2),
160,xpt-ratio_FKFpi_nnlo_log_logSq_sunset_bijnens,1.1844(42),-0.00393(69),31.181674760546173,1.267144193529424,0.2426263223541989,0,-0.00148(23),-0.00008(59),0.00024(12),0.00022(11),-0.00298(98),-0.00010(10),-0.00034(17),0.00014(10),,-4.17(68),-1.8(2.8),0.2(2.7),,
161,xpt-ratio_FKFpi_nnlo_log_logSq_sunset,1.1849(43),-0.00394(69),30.363138575924506,1.2891797349092753,0.2297846421967557,0,-0.00153(28),0.00003(71),-7(240)e-06,-0.00001(22),-0.0020(15),6(10000)e-08,0.00001(34),1(140)e-06,,-4.21(69),-1.7(3.7),1.4(3.5),,
162,xpt-ratio_FKFpi_nnlo_logSq_sunset,1.1810(45),-0.00383(69),25.777717288132447,1.9564623141972075,0.033650199297185886,0,0.00385(38),0.0012(15),,,,,,,,-3.52(70),23.50(80),7.5(8.7),,
163,xpt-ratio_FKFpi_nnlo,1.1815(45),-0.00385(69),26.120440980439795,1.9100826551284813,0.0390005640406572,0,0.00396(39),0.0009(15),,,,,,,,-3.62(70),25.15(91),7.2(8.5),,
164,xpt-ratio_FKFpi_nnlo_log_logSq_sunset_alphaS_bijnens,1.1832(43),-0.00389(69),31.188903350363212,1.264218939026288,0.2443709702597225,0,-0.00148(23),-0.00009(59),0.00024(12),0.00022(11),-0.00297(98),-0.00010(10),-0.00034(17),0.00014(10),,-2.9(1.6),-1.9(2.8),0.2(2.7),-1.9(2.3),
165,xpt-ratio_FKFpi_nnlo_log_logSq_sunset_alphaS,1.1837(44),-0.00391(69),30.3765506302022,1.283898477559425,0.2328142365985664,0,-0.00153(28),0.00003(71),-7(240)e-06,-0.00001(22),-0.0020(15),5(10000)e-08,0.00001(34),1(140)e-06,,-2.9(1.6),-1.7(3.7),1.4(3.5),-1.9(2.4),
166,xpt-ratio_FKFpi_nnlo_logSq_sunset_alphaS,1.1793(43),-0.00378(69),25.424507331188288,2.037729604624149,0.02587942529977334,0,0.00386(38),0.0012(15),,,,,,,,-2.39(77),23.42(81),7.3(8.7),-1.57(97),
167,xpt-ratio_FKFpi_nnlo_alphaS,1.1807(44),-0.00382(69),26.292448388297714,1.8686214568262536,0.04443406746092042,0,0.00395(39),0.0009(15),,,,,,,,-2.57(87),25.12(90),7.3(8.5),-1.7(1.1),
168,xpt-ratio_FKFpi_nnlo_log_logSq_sunset_FV_bijnens,1.1860(43),-0.00397(69),34.66028461766513,0.4886601263955459,0.8986231979857099,10,-0.00151(26),0.00009(67),0.00024(12),0.00022(11),-0.0026(11),-0.00010(10),-0.00034(17),0.00014(10),,-4.72(71),-1.7(3.4),0.2(3.1),,
169,xpt-ratio_FKFpi_nnlo_log_logSq_sunset_FV,1.1865(44),-0.00398(70),34.11415185341973,0.46458917726917603,0.9135441586967294,10,-0.00160(30),0.00025(75),-5(240)e-06,-8(219)e-06,-0.0010(17),-3(1000)e-07,-0.00001(34),-2(140)e-06,,-4.76(71),-0.2(4.4),2.6(3.9),,
170,xpt-ratio_FKFpi_nnlo_logSq_sunset_FV,1.1818(46),-0.00385(69),27.172043483088075,1.668945792024348,0.08152417056637801,10,0.00383(38),0.0012(15),,,,,,,,-3.79(72),23.37(79),6.9(8.6),,
171,xpt-ratio_FKFpi_nnlo_FV,1.1828(46),-0.00388(69),27.86800037840713,1.5396728398038786,0.11825334143665725,10,0.00392(39),0.0010(15),,,,,,,,-3.96(73),25.06(87),7.0(8.4),,
172,xpt-ratio_FKFpi_nnlo_log_logSq_sunset_alphaS_FV_bijnens,1.1846(45),-0.00393(69),34.63553702857077,0.488483547507101,0.8987370579405134,10,-0.00151(27),0.00009(68),0.00024(12),0.00022(11),-0.0026(11),-0.00010(10),-0.00034(17),0.00014(10),,-3.3(1.8),-1.8(3.4),0.3(3.1),-2.1(2.6),
173,xpt-ratio_FKFpi_nnlo_log_logSq_sunset_alphaS_FV,1.1851(46),-0.00394(69),34.10524393095076,0.46070111679586,0.9158389393874208,10,-0.00160(31),0.00025(76),-5(240)e-06,-8(219)e-06,-0.0010(18),-3(1000)e-07,-0.00001(34),-2(140)e-06,,-3.3(1.9),-0.2(4.5),2.6(4.0),-2.2(2.8),
174,xpt-ratio_FKFpi_nnlo_logSq_sunset_alphaS_FV,1.1810(45),-0.00383(69),27.359337796573982,1.6244226871383318,0.09285131008796484,10,0.00382(38),0.0012(15),,,,,,,,-2.69(87),23.34(78),7.0(8.7),-1.8(1.1),
175,xpt-ratio_FKFpi_nnlo_alphaS_FV,1.1816(45),-0.00385(69),27.797441561598763,1.5563980936276889,0.11281282762951378,10,0.00393(39),0.0009(15),,,,,,,,-2.76(92),25.00(88),6.9(8.4),-1.8(1.2),
176,xpt-ratio_FpiFpi_nnlo_log_logSq_sunset_bijnens,1.1877(46),-0.00402(70),30.469373245817394,1.238394001901583,0.26018213078078906,0,-0.00136(23),-0.00031(59),0.00029(14),0.00033(16),-0.00310(94),-0.00006(10),-0.00034(17),0.00020(10),,-3.86(70),-1.6(2.5),0.5(2.6),,
177,xpt-ratio_FpiFpi_nnlo_log_logSq_sunset,1.1878(46),-0.00402(70),29.57673535857912,1.2706468712666907,0.2405496355543682,0,-0.00140(28),-0.00022(69),-10(289)e-06,-0.00003(33),-0.0020(14),-3(1000)e-07,0.00003(34),4(200)e-06,,-3.90(73),-1.5(3.3),1.3(3.3),,
178,xpt-ratio_FpiFpi_nnlo_logSq_sunset,1.1870(44),-0.00400(70),30.13241607709015,1.463666826806603,0.14588039647132048,0,-0.00131(17),-0.00045(38),,,,,,,,-3.58(60),1.7(1.3),1.6(2.2),,
179,xpt-ratio_FpiFpi_nnlo,1.1875(44),-0.00401(70),29.64496829195292,1.4896044171532759,0.13589811471191438,0,-0.00133(22),-0.00048(48),,,,,,,,-3.52(59),3.2(1.7),2.7(2.8),,
180,xpt-ratio_FpiFpi_nnlo_log_logSq_sunset_alphaS_bijnens,1.1861(45),-0.00397(70),30.390553758063998,1.2701786564496018,0.24082645530011595,0,-0.00135(23),-0.00033(59),0.00029(14),0.00033(16),-0.00309(94),-0.00006(10),-0.00034(17),0.00020(10),,-2.7(1.2),-1.5(2.5),0.4(2.6),-1.8(1.8),
181,xpt-ratio_FpiFpi_nnlo_log_logSq_sunset_alphaS,1.1865(47),-0.00399(70),29.596305186222658,1.2625241549732371,0.2453860522042773,0,-0.00140(28),-0.00022(69),-10(289)e-06,-0.00003(33),-0.0020(14),-4(1000)e-07,0.00003(34),4(200)e-06,,-2.7(1.4),-1.5(3.3),1.3(3.3),-1.8(2.0),
182,xpt-ratio_FpiFpi_nnlo_logSq_sunset_alphaS,1.1858(44),-0.00397(69),30.189635076984104,1.4464756006623591,0.15282828156953246,0,-0.00131(17),-0.00045(38),,,,,,,,-2.5(1.1),1.7(1.3),1.6(2.2),-1.7(1.5),
183,xpt-ratio_FpiFpi_nnlo_alphaS,1.1862(44),-0.00398(69),29.65397205106101,1.4875788672586727,0.13665642790807758,0,-0.00133(22),-0.00049(48),,,,,,,,-2.4(1.2),3.1(1.7),2.7(2.8),-1.6(1.7),
184,xpt-ratio_FpiFpi_nnlo_log_logSq_sunset_FV_bijnens,1.1896(46),-0.00407(70),33.970369193997826,0.4976942161069788,0.8927129674357059,10,-0.00135(26),-0.00027(66),0.00029(14),0.00034(16),-0.0027(11),-0.00006(10),-0.00035(17),0.00020(10),,-4.34(75),-0.7(2.9),0.4(2.9),,
185,xpt-ratio_FpiFpi_nnlo_log_logSq_sunset_FV,1.1899(46),-0.00408(70),33.50920756921145,0.4837582461873091,0.9017601035966356,10,-0.00139(29),-0.00020(73),-8(289)e-06,-0.00002(33),-0.0010(16),5(1000)e-07,-0.00001(34),-9(1999)e-07,,-4.28(77),0.7(3.7),2.0(3.5),,
186,xpt-ratio_FpiFpi_nnlo_logSq_sunset_FV,1.1894(46),-0.00407(70),33.47700829235604,0.5658667239095154,0.8430791785619516,10,-0.00136(24),-0.00025(53),,,,,,,,-4.23(64),1.1(1.9),1.9(3.2),,
187,xpt-ratio_FpiFpi_nnlo_FV,1.1896(45),-0.00407(70),33.737813844424984,0.568655427968727,0.8408743226483182,10,-0.00135(24),-0.00035(52),,,,,,,,-4.11(62),2.7(1.9),2.5(3.1),,
188,xpt-ratio_FpiFpi_nnlo_log_logSq_sunset_alphaS_FV_bijnens,1.1880(47),-0.00403(70),33.90570510991516,0.5134087360412737,0.882042626124011,10,-0.00134(26),-0.00028(67),0.00029(14),0.00034(16),-0.0026(11),-0.00006(10),-0.00035(17),0.00020(10),,-3.0(1.5),-0.7(2.9),0.3(2.9),-2.0(2.1),
189,xpt-ratio_FpiFpi_nnlo_log_logSq_sunset_alphaS_FV,1.1884(47),-0.00404(70),33.52539452424234,0.4817227886403761,0.9030480495630254,10,-0.00138(28),-0.00021(72),-8(289)e-06,-0.00002(33),-0.0010(15),5(1000)e-07,-0.00001(34),-8(1999)e-07,,-3.0(1.6),0.7(3.7),2.0(3.4),-2.0(2.3),
190,xpt-ratio_FpiFpi_nnlo_logSq_sunset_alphaS_FV,1.1881(46),-0.00403(70),33.5799716686715,0.5387327563663704,0.8638493510160976,10,-0.00137(24),-0.00025(52),,,,,,,,-3.0(1.3),1.0(1.9),1.9(3.1),-2.0(1.9),
191,xpt-ratio_FpiFpi_nnlo_alphaS_FV,1.1881(45),-0.00403(70),33.75690828619535,0.5599677491368983,0.8477011696362915,10,-0.00135(24),-0.00035(52),,,,,,,,-2.9(1.3),2.7(1.9),2.5(3.1),-1.9(1.9),
